Site,Dist,AMCR,AMGO,AMRE,AMRO,BAOR,BAWW,BCCH,BHCO,BLJA,BTNW,CEDW,CHSP,COGR,CORA,COYE,CSWA,DOWO,EAKI,EAPH,EAWP,GCFL,GRCA,HOWOR,HOWR,INBU,KILL,LEFL,MAWA,NOCA,NOHA,NOPA,NOWA,OVEN,PIWO,RBGR,RBWO,REVI,SOSP,SWSP,TEWA,TRES,WAVI,WBNU,WIFL,WITU,WIWA,WOTH,YEWA,YSFL
ARBOL1,Far,1,1,1,1,0,2,2,0,2,0,0,1,0,0,0,1,0,0,0,2,1,0,0,0,0,0,0,0,0,0,0,0,0,1,0,0,2,2,0,0,0,0,0,0,0,0,0,0,0
ARBOL2,Far,0,0,0,0,1,0,2,0,0,0,0,1,0,0,1,1,0,0,0,0,2,0,0,1,1,0,0,0,0,0,0,0,0,0,1,0,1,2,0,0,0,0,0,0,0,0,0,0,0
ARBOS1,Far,0,0,0,0,0,0,2,0,1,0,0,1,0,0,0,2,0,0,1,1,1,0,0,0,1,0,0,0,0,0,0,0,1,1,1,1,3,1,0,0,0,0,0,0,0,0,0,0,0
ARBOS2,Far,0,0,0,2,1,0,0,0,2,0,0,0,0,0,1,0,0,0,1,0,1,0,0,0,1,0,0,0,2,0,0,0,0,1,1,0,1,3,0,0,0,0,0,0,0,0,1,0,0
BDLL1,Far,0,0,0,1,1,0,1,0,0,0,0,1,0,0,0,0,0,0,1,1,1,0,0,1,0,0,0,0,3,0,0,0,0,0,0,0,2,1,0,0,0,2,0,0,0,0,2,5,0
BDLL2,Far,0,1,5,2,1,0,0,0,0,0,0,0,0,0,0,0,0,0,1,0,0,1,0,0,0,0,0,0,0,0,0,0,0,0,0,0,4,1,0,0,0,2,1,1,0,0,0,2,0
BDLS1,Far,0,0,1,0,0,0,0,0,0,0,0,0,0,0,0,0,0,0,0,1,0,1,0,1,0,0,0,0,1,0,0,0,0,1,0,0,3,0,0,0,0,1,1,0,0,0,0,3,0
BDLS2,Far,0,1,1,2,0,0,2,3,0,0,0,0,0,0,0,0,0,0,0,1,0,0,0,2,0,0,0,0,1,0,0,0,0,0,0,0,0,2,0,0,0,0,0,0,0,0,0,1,0
STNYL1,Far,0,1,0,0,2,0,0,0,0,0,0,1,1,0,0,0,0,0,1,0,1,0,0,1,1,0,0,0,1,0,0,0,0,0,0,0,1,1,0,0,2,1,0,0,0,0,0,1,0
STNYL2,Far,0,0,0,1,0,0,1,0,0,0,0,0,0,0,0,2,0,1,1,0,0,0,0,2,1,0,0,0,1,0,0,1,0,1,1,0,1,2,0,0,1,0,0,0,0,0,1,2,0
STNYS1,Far,0,0,0,0,0,0,1,0,2,0,2,0,0,0,0,0,0,0,1,0,1,1,3,0,0,1,0,0,1,0,0,0,0,0,1,0,2,1,1,0,0,2,1,0,0,0,0,1,0
STNYS2,Far,0,1,0,0,2,0,0,0,0,0,5,0,0,0,1,1,0,0,1,0,1,0,0,2,0,0,0,0,1,0,0,0,0,0,0,0,3,1,1,0,1,3,0,0,0,0,0,0,0
TECHL1,Far,0,0,3,2,1,0,0,0,0,1,0,0,0,1,0,0,0,0,0,0,1,1,0,0,0,0,0,0,0,0,0,0,0,0,0,0,1,1,0,0,0,0,0,0,0,0,0,0,1
TECHL2,Far,0,0,0,2,0,0,0,1,0,0,2,1,0,0,1,0,0,1,0,0,1,0,0,1,0,0,1,0,1,0,0,0,0,0,0,0,0,2,0,0,1,1,0,0,1,0,0,5,0
TECHS1,Far,0,1,1,0,0,0,2,1,0,0,0,0,1,0,0,0,1,0,0,0,0,1,0,0,0,0,1,0,2,0,0,0,0,0,0,0,1,2,0,0,0,1,0,0,0,0,0,3,0
TECHS2,Far,0,2,3,3,0,0,0,1,0,0,1,0,0,0,1,0,2,0,0,0,0,0,0,0,0,0,0,0,1,1,1,0,0,0,0,0,1,1,0,0,0,4,0,0,0,0,0,4,0
ARBOL1,Close,0,1,0,1,0,0,0,0,0,0,0,0,0,0,1,2,0,0,0,0,1,0,0,0,1,0,0,0,1,0,0,0,0,0,0,0,3,1,0,0,0,0,0,0,0,0,0,0,0
ARBOL2,Close,0,0,0,0,0,0,2,0,0,0,0,1,0,0,1,3,0,0,0,0,0,0,0,0,3,0,0,0,0,0,0,0,0,0,1,0,1,2,0,0,0,0,0,0,1,0,0,0,0
ARBOS1,Close,0,2,0,0,1,0,2,0,0,0,0,1,0,0,0,2,0,0,0,1,0,0,0,0,1,0,0,0,1,0,0,0,0,0,0,0,2,0,0,0,0,0,0,0,0,0,0,1,0
ARBOS2,Close,0,0,0,1,0,0,0,0,2,0,0,1,0,0,4,3,0,0,0,0,0,0,0,0,0,0,0,0,0,0,0,0,0,0,0,0,1,4,0,0,0,0,0,0,0,0,0,0,0
BDLL1,Close,0,0,1,2,0,0,0,0,0,0,0,0,0,0,0,0,0,0,1,0,0,0,0,0,0,0,0,0,1,0,0,0,0,0,0,0,0,0,0,1,0,2,0,0,0,0,0,2,0
BDLL2,Close,0,0,2,0,0,0,0,0,0,0,0,0,0,0,0,0,0,0,0,0,0,0,0,1,0,0,0,1,2,0,0,0,0,0,0,0,0,0,0,0,0,1,0,0,0,0,0,2,0
BDLS1,Close,0,0,0,1,1,0,1,0,0,0,0,0,0,0,0,0,0,0,0,0,0,1,0,0,0,0,0,0,0,0,0,0,0,0,0,0,2,0,0,0,0,0,0,0,0,0,0,1,0
BDLS2,Close,0,3,1,0,0,0,1,0,0,0,0,0,0,0,0,0,1,0,0,0,0,1,0,0,0,0,0,0,1,0,0,0,0,0,0,0,0,0,0,0,0,1,0,0,0,0,0,4,0
STNYL1,Close,0,0,0,0,0,0,0,0,0,0,0,0,1,0,0,1,0,0,0,0,0,1,0,1,1,0,0,0,0,0,0,0,0,0,0,0,1,0,0,0,0,0,0,0,0,0,0,2,0
STNYL2,Close,0,0,2,2,0,0,1,0,0,0,3,1,0,0,1,2,0,0,1,0,0,0,0,2,0,0,0,0,0,0,0,0,0,0,1,0,3,1,0,0,0,2,0,0,0,0,0,1,0
STNYS1,Close,0,0,0,0,2,0,1,0,0,0,0,0,0,0,2,0,0,1,1,0,0,0,0,0,0,0,0,0,0,0,0,0,0,0,0,0,2,1,1,0,2,1,0,0,0,0,0,6,0
STNYS2,Close,0,0,0,2,0,0,0,0,0,0,0,0,0,0,2,1,0,1,0,0,0,1,0,0,0,0,0,0,0,0,0,0,0,0,1,0,0,4,0,0,0,0,0,0,0,0,0,7,0
TECHL1,Close,0,2,2,2,0,0,0,0,0,0,1,0,0,0,0,0,0,0,0,0,1,2,0,0,0,0,0,0,1,0,0,0,0,0,0,0,0,1,0,0,0,1,0,0,0,0,0,4,0
TECHL2,Close,0,2,0,1,0,0,0,0,0,0,2,0,1,0,0,0,0,0,0,0,0,2,0,0,0,0,0,0,1,0,0,0,0,0,0,0,0,4,0,0,0,2,0,0,0,0,0,4,0
TECHS1,Close,0,1,3,1,0,0,2,0,0,0,0,0,0,0,0,0,0,0,0,0,2,1,0,0,0,0,1,0,0,0,0,0,0,0,0,0,1,1,0,0,0,1,0,0,0,0,0,6,0
TECHS2,Close,0,0,2,0,0,0,0,0,0,0,0,0,0,0,0,0,0,0,0,0,0,0,0,0,0,0,0,1,0,0,0,0,0,0,0,0,0,1,0,0,0,0,0,0,0,1,0,8,0